{"times":[11.076923076923077,146.2153846153846,175.01538461538462,208.24615384615385,252.55384615384617,285.7846153846154,292.4307692307692,299.0769230769231,394.33846153846156,420.92307692307696,445.2923076923077,463.0153846153846,478.5230769230769,498.46153846153845,525.0461538461539,547.2,564.9230769230769,582.6461538461538,602.5846153846154,626.9538461538461,644.676923076923,653.5384615384615,664.6153846153846,682.3384615384616,700.0615384615385,708.9230769230769,735.5076923076923,770.9538461538461,810.8307692307692,855.1384615384615,895.0153846153845,937.1076923076923,970.3384615384616,994.7076923076924,1014.6461538461539,1032.3692307692306,1067.8153846153848,1087.7538461538463,1112.123076923077,1140.923076923077,1169.7230769230769,1194.0923076923077,1207.3846153846155,1220.6769230769232,1233.9692307692308,1245.0461538461539,1251.6923076923076,1258.3384615384616,1264.9846153846154,1278.2769230769231,1298.2153846153847,1313.7230769230769,1327.0153846153846,1335.876923076923,1346.9538461538461,1353.6,1364.6769230769232,1371.323076923077,1375.753846153846,1377.9692307692308,1382.3999999999999,1391.2615384615385,1400.123076923077,1406.7692307692307,1411.2,1415.6307692307691,1417.8461538461538,1422.276923076923,1424.4923076923078,1431.1384615384616,1435.5692307692307,1437.7846153846156],"values":[43.11926605504588,55.96330275229357,55.96330275229357,55.96330275229357,52.293577981651374,48.1651376146789,46.788990825688074,44.95412844036697,41.284403669724774,42.201834862385326,43.57798165137615,45.412844036697244,46.330275229357795,47.24770642201835,48.62385321100918,49.54128440366973,50,50,49.54128440366973,47.706422018348626,46.330275229357795,44.95412844036697,43.11926605504588,40.36697247706422,38.53211009174312,37.61467889908257,37.15596330275229,38.07339449541284,39.908256880733944,43.11926605504588,46.330275229357795,50.45871559633027,53.21100917431193,54.58715596330275,55.04587155963303,55.04587155963303,52.293577981651374,50.917431192660544,50,49.54128440366973,49.54128440366973,49.54128440366973,49.08256880733945,49.08256880733945,48.62385321100918,47.706422018348626,46.788990825688074,46.330275229357795,46.330275229357795,45.87155963302752,45.87155963302752,45.87155963302752,46.330275229357795,46.330275229357795,46.788990825688074,46.788990825688074,46.788990825688074,46.788990825688074,46.788990825688074,46.788990825688074,47.706422018348626,48.1651376146789,49.08256880733945,50,50,50,50,50,50,50,50,49.08256880733945],"met":"(r(10) > 8)?(y + r(3)):(y)\ng(40)\ny-10-r(10)\ny*(2+r(1))\ny+30+r(3)\n(r(10)>5)?(m+1):(m-1)","met_an":"(r(10) > 8)?(y + r(3)):(y)\ny-5\ny+10+r(3)\n50\ny+r(3)\n50","datepicker":"06/03/2016","days":"19","resource":"eolas:LZ","sampling":"60"}