{"times":[2.215384615384615,29.243076923076924,35.003076923076925,41.64923076923077,50.51076923076923,57.15692307692308,58.48615384615385,59.81538461538463,78.86769230769231,84.18461538461538,89.05846153846154,92.60307692307693,95.70461538461538,99.6923076923077,105.00923076923077,109.44,112.98461538461538,116.52923076923075,120.51692307692309,125.39076923076922,128.9353846153846,130.7076923076923,132.92307692307693,136.46769230769232,140.0123076923077,141.78461538461536,147.10153846153847,154.1907692307692,162.16615384615383,171.0276923076923,179.00307692307692,187.42153846153846,194.0676923076923,198.94153846153847,202.92923076923077,206.47384615384613,213.563076923077,217.55076923076928,222.4246153846154,228.18461538461537,233.9446153846154,238.81846153846152,241.47692307692307,244.13538461538462,246.79384615384615,249.00923076923078,250.3384615384615,251.6676923076923,252.99692307692305,255.65538461538463,259.64307692307693,262.7446153846154,265.4030769230769,267.17538461538464,269.39076923076925,270.71999999999997,272.93538461538463,274.2646153846154,275.15076923076924,275.59384615384613,276.47999999999996,278.2523076923077,280.0246153846154,281.3538461538461,282.24,283.1261538461539,283.5692307692307,284.45538461538456,284.89846153846156,286.2276923076923,287.1138461538461,287.5569230769231],"values":[43.11926605504588,55.96330275229357,55.96330275229357,55.96330275229357,52.293577981651374,48.16513761467889,46.78899082568808,44.95412844036697,41.284403669724774,42.201834862385326,43.57798165137614,45.412844036697244,46.330275229357795,47.24770642201834,48.62385321100918,49.54128440366973,50,50,49.54128440366973,47.70642201834862,46.330275229357795,44.95412844036697,43.11926605504588,40.366972477064216,38.53211009174312,37.61467889908256,37.15596330275229,38.07339449541285,39.90825688073394,43.11926605504588,46.330275229357795,50.45871559633027,53.21100917431193,54.58715596330275,55.04587155963303,55.04587155963303,52.293577981651374,50.917431192660544,50,49.54128440366973,49.54128440366973,49.54128440366973,49.082568807339456,49.082568807339456,48.62385321100918,47.70642201834862,46.78899082568808,46.330275229357795,46.330275229357795,45.87155963302752,45.87155963302752,45.87155963302752,46.330275229357795,46.330275229357795,46.78899082568808,46.78899082568808,46.78899082568808,46.78899082568808,46.78899082568808,46.78899082568808,47.70642201834862,48.16513761467889,49.082568807339456,50,50,50,50,50,50,50,50,49.082568807339456],"met":"(r(10) > 8)?(y + r(2)):(y)\ng(20)\ny-10-r(10)\ny*(2+r(1))\ny+30+r(3)\n(r(10)>5)?(m+1):(m-1)","met_an":"(r(10) > 8)?(y -20- r(2)):(y-20)\ng(50)\ny+10+r(3)\ny+50+r(3)\ny+r(3)\n50","met_an2":"(r(10) > 8)?(y +20- r(2)):(y+20)\ng(20)\ny-10+r(3)\ny+50+r(3)\ny+30+r(3)\n10+r(1)","days":"19","resource":"eolas:LZ","sampling":"300"}